<?xml version="1.0" encoding="UTF-8"?>
<configuration
        xmlns="http://ch.qos.logback/xml/ns/logback"
        xmlns:xsi="http://www.w3.org/2001/XMLSchema-instance"
        xsi:schemaLocation="http://ch.qos.logback/xml/ns/logback https://raw.githubusercontent.com/enricopulatzo/logback-XSD/master/src/main/xsd/logback.xsd">
    <property name="LOG_HOME" value="tp/log"/>
    <!-- 输出到控制台 -->
    <appender name="STDOUT" class="ch.qos.logback.core.ConsoleAppender" >
        <!-- 输出的格式 -->
        <encoder class="ch.qos.logback.classic.encoder.PatternLayoutEncoder">
            <pattern>%d{yyyy-MM-dd HH:mm:ss.SSS} [%thread] %-5level %logger{50}:  %msg%n</pattern>
        </encoder>
    </appender>

    <appender name="FILE" class="ch.qos.logback.core.rolling.RollingFileAppender">
        <!-- 配置滚动的策略 -->
        <rollingPolicy class="ch.qos.logback.core.rolling.TimeBasedRollingPolicy">
            <!-- 日志名称的格式 -->
            <fileNamePattern>${LOG_HOME}/logback.log.%d{yyyy-MM-dd}</fileNamePattern>
            <!-- 保存的最长时间：天数 -->
            <MaxHistory>1</MaxHistory>
        </rollingPolicy>
        <encoder class="ch.qos.logback.classic.encoder.PatternLayoutEncoder">
            <pattern>%d{yyyy-MM-dd HH:mm:ss.SSS} [%thread] %-5level %logger{50}:  %msg%n</pattern>
        </encoder>
    </appender>

    <!--
    注意：
    level属性也可以直接写在logger上，如：
    <logger name="ws.log.logback.LogbackTest" additivity="false" level="INFO">
        <appender-ref ref="STDOUT" />
    </logger>
    -->
    <logger name="ws.log.logback.LogbackTest" additivity="false">
        <level value="INFO" />
        <appender-ref ref="STDOUT" />
    </logger>

    <!-- 相当于logger元素，只是name值已经确定为root了 -->
    <root level="warn">
        <appender-ref ref="STDOUT" />
    </root>
</configuration>