<?xml version="1.0" encoding="UTF-8" ?>
<!DOCTYPE mapper PUBLIC "-//mybatis.org//DTD Mapper 3.0//EN" "http://mybatis.org/dtd/mybatis-3-mapper.dtd" >
<mapper namespace="com.example.film.mapper.CommentMapper">
    <resultMap id="BaseResultMap" type="com.example.film.entity.Comment">
        <id column="id" property="id" jdbcType="INTEGER"/>
        <result column="user_id" property="userId" jdbcType="INTEGER"/>
        <result column="film_id" property="filmId" jdbcType="INTEGER"/>
        <result column="content" property="content" jdbcType="VARCHAR"/>
        <result column="create_time" property="createTime" jdbcType="TIMESTAMP"/>
    </resultMap>
    <resultMap id="resultMap" type="com.example.film.doo.CommentDo">
        <id column="id" property="id" jdbcType="INTEGER"/>
        <result column="user_id" property="userId" jdbcType="INTEGER"/>
        <result column="film_id" property="filmId" jdbcType="INTEGER"/>
        <result column="content" property="content" jdbcType="VARCHAR"/>
        <result column="create_time" property="createTime" jdbcType="TIMESTAMP"/>
        <result column="userName" property="userName" jdbcType="VARCHAR"/>
        <result column="filmName" property="filmName" jdbcType="VARCHAR"/>
    </resultMap>
    <sql id="Base_Column_List">
    id, user_id, film_id, content, create_time
  </sql>

    <select id="findByModel" resultMap="resultMap" parameterType="com.example.film.entity.Comment">
        SELECT
        comment.*,user.`name` as userName,film.`name` as filmName
        FROM
        `comment`
        LEFT JOIN USER ON `comment`.user_id = USER.id
        LEFT JOIN film ON `comment`.film_id = film.id
        <trim prefix="where" prefixOverrides="AND">
            <if test="id != null">
                AND comment.id = #{id}
            </if>
            <if test="userId != null ">
                AND comment.user_id = #{userId}
            </if>
            <if test="filmId != null">
                AND comment.film_id = #{filmId}
            </if>
        </trim>
    </select>


    <select id="selectByPrimaryKey" resultMap="BaseResultMap" parameterType="java.lang.Integer">
        select
        <include refid="Base_Column_List"/>
        from comment
        where id = #{id,jdbcType=INTEGER}
    </select>
    <delete id="deleteByPrimaryKey" parameterType="java.lang.Integer">
    delete from comment
    where id = #{id,jdbcType=INTEGER}
  </delete>
    <insert id="insert" parameterType="com.example.film.entity.Comment">
    insert into comment (id, user_id, film_id, 
      content, create_time)
    values (#{id,jdbcType=INTEGER}, #{userId,jdbcType=INTEGER}, #{filmId,jdbcType=INTEGER}, 
      #{content,jdbcType=VARCHAR}, #{createTime,jdbcType=TIMESTAMP})
  </insert>
    <insert id="insertSelective" parameterType="com.example.film.entity.Comment">
        insert into comment
        <trim prefix="(" suffix=")" suffixOverrides=",">
            <if test="id != null">
                id,
            </if>
            <if test="userId != null">
                user_id,
            </if>
            <if test="filmId != null">
                film_id,
            </if>
            <if test="content != null">
                content,
            </if>
            <if test="createTime != null">
                create_time,
            </if>
        </trim>
        <trim prefix="values (" suffix=")" suffixOverrides=",">
            <if test="id != null">
                #{id,jdbcType=INTEGER},
            </if>
            <if test="userId != null">
                #{userId,jdbcType=INTEGER},
            </if>
            <if test="filmId != null">
                #{filmId,jdbcType=INTEGER},
            </if>
            <if test="content != null">
                #{content,jdbcType=VARCHAR},
            </if>
            <if test="createTime != null">
                #{createTime,jdbcType=TIMESTAMP},
            </if>
        </trim>
    </insert>
    <update id="updateByPrimaryKeySelective" parameterType="com.example.film.entity.Comment">
        update comment
        <set>
            <if test="userId != null">
                user_id = #{userId,jdbcType=INTEGER},
            </if>
            <if test="filmId != null">
                film_id = #{filmId,jdbcType=INTEGER},
            </if>
            <if test="content != null">
                content = #{content,jdbcType=VARCHAR},
            </if>
            <if test="createTime != null">
                create_time = #{createTime,jdbcType=TIMESTAMP},
            </if>
        </set>
        where id = #{id,jdbcType=INTEGER}
    </update>
    <update id="updateByPrimaryKey" parameterType="com.example.film.entity.Comment">
    update comment
    set user_id = #{userId,jdbcType=INTEGER},
      film_id = #{filmId,jdbcType=INTEGER},
      content = #{content,jdbcType=VARCHAR},
      create_time = #{createTime,jdbcType=TIMESTAMP}
    where id = #{id,jdbcType=INTEGER}
  </update>
</mapper>